[
    {
        "id": 1,
        "name": "MANGALORE",
        "thumbnail": "/images/Image9.png",
        "media": [
            "https://images.unsplash.com/photo-1672696049977-5ef343a91556?ixlib=rb-4.0.3&ixid=MnwxMjA3fDB8MHxwaG90by1wYWdlfHx8fGVufDB8fHx8&auto=format&fit=crop&w=387&q=80",
            "/images/Image4.png",
            "/images/Image4.png"
        ]
    },
    {
        "id": 2,
        "name": "MANGALORE",
        "thumbnail": "/images/Image8.png",
        "media": [
            "/images/Image4.png",
            "https://images.unsplash.com/photo-1672862817339-51ef2610a5d0?ixlib=rb-4.0.3&ixid=MnwxMjA3fDB8MHxwaG90by1wYWdlfHx8fGVufDB8fHx8&auto=format&fit=crop&w=1209&q=80"
        ]
    },
    {
        "id": 3,
        "name": "MANGALORE",
        "thumbnail": "/images/Image2.png",
        "media": [
            "/images/Image4.png",
            "https://images.unsplash.com/photo-1672862817339-51ef2610a5d0?ixlib=rb-4.0.3&ixid=MnwxMjA3fDB8MHxwaG90by1wYWdlfHx8fGVufDB8fHx8&auto=format&fit=crop&w=1209&q=80"
        ]
    },
    {
        "id": 4,
        "name": "MANGALORE",
        "thumbnail": "/images/Image3.png",
        "media": [
            "/images/Image4.png",
            "https://images.unsplash.com/photo-1672862817339-51ef2610a5d0?ixlib=rb-4.0.3&ixid=MnwxMjA3fDB8MHxwaG90by1wYWdlfHx8fGVufDB8fHx8&auto=format&fit=crop&w=1209&q=80"
        ]
    },
    {
        "id": 5,
        "name": "MANGALORE",
        "thumbnail": "/images/Image4.png",
        "media": [
            "/images/Image4.png",
            "https://images.unsplash.com/photo-1672862817339-51ef2610a5d0?ixlib=rb-4.0.3&ixid=MnwxMjA3fDB8MHxwaG90by1wYWdlfHx8fGVufDB8fHx8&auto=format&fit=crop&w=1209&q=80"
        ]
    },
    {
        "id": 6,
        "name": "MANGALORE",
        "thumbnail": "/images/Image5.png",
        "media": [
            "/images/Image4.png",
            "https://images.unsplash.com/photo-1672862817339-51ef2610a5d0?ixlib=rb-4.0.3&ixid=MnwxMjA3fDB8MHxwaG90by1wYWdlfHx8fGVufDB8fHx8&auto=format&fit=crop&w=1209&q=80"
        ]
    },
    {
        "id": 7,
        "name": "MANGALORE",
        "thumbnail": "/images/Image6.png",
        "media": [
            "/images/Image4.png",
            "https://images.unsplash.com/photo-1672862817339-51ef2610a5d0?ixlib=rb-4.0.3&ixid=MnwxMjA3fDB8MHxwaG90by1wYWdlfHx8fGVufDB8fHx8&auto=format&fit=crop&w=1209&q=80"
        ]
    },
    {
        "id": 8,
        "name": "MANGALORE",
        "thumbnail": "/images/Image7.png",
        "media": [
            "/images/Image4.png",
            "https://images.unsplash.com/photo-1672862817339-51ef2610a5d0?ixlib=rb-4.0.3&ixid=MnwxMjA3fDB8MHxwaG90by1wYWdlfHx8fGVufDB8fHx8&auto=format&fit=crop&w=1209&q=80"
        ]
    },
    {
        "id": 9,
        "name": "MANGALORE",
        "thumbnail": "/images/Image13.jpg",
        "media": [
            "/images/Image4.png",
            "https://images.unsplash.com/photo-1672862817339-51ef2610a5d0?ixlib=rb-4.0.3&ixid=MnwxMjA3fDB8MHxwaG90by1wYWdlfHx8fGVufDB8fHx8&auto=format&fit=crop&w=1209&q=80"
        ]
    },
    {
        "id": 10,
        "name": "MANGALORE",
        "thumbnail": "/images/Image10.jpg",
        "media": [
            "/images/Image4.png",
            "https://images.unsplash.com/photo-1672862817339-51ef2610a5d0?ixlib=rb-4.0.3&ixid=MnwxMjA3fDB8MHxwaG90by1wYWdlfHx8fGVufDB8fHx8&auto=format&fit=crop&w=1209&q=80"
        ]
    },
    {
        "id": 11,
        "name": "MANGALORE",
        "thumbnail": "/images/Image11.jpg",
        "media": [
            "/images/Image4.png",
            "https://images.unsplash.com/photo-1672862817339-51ef2610a5d0?ixlib=rb-4.0.3&ixid=MnwxMjA3fDB8MHxwaG90by1wYWdlfHx8fGVufDB8fHx8&auto=format&fit=crop&w=1209&q=80",
            "/images/Image4.png","/images/Image4.png","/images/Image4.png","/images/Image4.png"
        ]
    },
    {
        "id": 12,
        "name": "MANGALORE",
        "thumbnail": "/images/Image1.png",
        "media": [
            "/images/Image4.png",
            "https://images.unsplash.com/photo-1672862817339-51ef2610a5d0?ixlib=rb-4.0.3&ixid=MnwxMjA3fDB8MHxwaG90by1wYWdlfHx8fGVufDB8fHx8&auto=format&fit=crop&w=1209&q=80"
        ]
    }
]